id,sequence,length,description,label
sp|A0A0K8P6T7|PETH_PISS1,MNFPRASRLMQAAVLGGLMAVSAAATAQTNPYARGPNPTAASLEASAGPFTVRSFTVSRPSGYGAGTVYYPTNAGGTVGAIAIVPGYTARQSSIKWWGPRLASHGFVVITIDTNSTLDQPSSRSSQQMAALRQVASLNGTSSSPIYGKVDTARMGVMGWSMGGGGSLISAANNPSLKAAAPQAPWDSSTNFSSVTVPTLIFACENDSIAPVNSSALPIYDSMSRNAKQFLEINGGSHSCANSGNSNQALIGKKGVAWMKRFMDNDTRYSTFACENPNSTRVSDFRTANCS,290,sp|A0A0K8P6T7|PETH_PISS1 Poly(ethylene terephthalate) hydrolase OS=Piscinibacter sakaiensis OX=1547922 GN=ISF6_4831 PE=1 SV=1,1
sp|F7IX06|PETH2_THEAE,MSVTTPRRETSLLSRALRATAAAATAVVATVALAAPAQAANPYERGPNPTESMLEARSGPFSVSEERASRFGADGFGGGTIYYPRENNTYGAIAISPGYTGTQSSIAWLGERIASHGFVVIAIDTNTTLDQPDSRARQLNAALDYMLTDASSAVRNRIDASRLAVMGHSMGGGGTLRLASQRPDLKAAIPLTPWHLNKSWRDITVPTLIIGAEYDTIASVTLHSKPFYNSIPSPTDKAYLELDGASHFAPNITNKTIGMYSVAWLKRFVDEDTRYTQFLCPGPRTGLLSDVEEYRSTCPF,300,sp|F7IX06|PETH2_THEAE Cutinase est2 OS=Thermobifida alba OX=53522 GN=est2 PE=1 SV=1,0
sp|E9LVH9|PETH2_THECS,MANPYERGPNPTDALLEARSGPFSVSEERASRFGADGFGGGTIYYPRENNTYGAVAISPGYTGTQASVAWLGERIASHGFVVITIDTNTTLDQPDSRARQLNAALDYMINDASSAVRSRIDSSRLAVMGHSMGGGGTLRLASQRPDLKAAIPLTPWHLNKNWSSVRVPTLIIGADLDTIAPVLTHARPFYNSLPTSISKAYLELDGATHFAPNIPNKIIGKYSVAWLKRFVDNDTRYTQFLCPGPRDGLFGEVEEYRSTCPF,262,sp|E9LVH9|PETH2_THECS Cutinase 2 (Fragment) OS=Thermobifida cellulosilytica OX=144786 GN=cut2 PE=1 SV=1,0
sp|G9BY57|PETH_UNKP,MDGVLWRVRTAALMAALLALAAWALVWASPSVEAQSNPYQRGPNPTRSALTADGPFSVATYTVSRLSVSGFGGGVIYYPTGTSLTFGGIAMSPGYTADASSLAWLGRRLASHGFVVLVINTNSRFDYPDSRASQLSAALNYLRTSSPSAVRARLDANRLAVAGHSMGGGGTLRIAEQNPSLKAAVPLTPWHTDKTFNTSVPVLIVGAEADTVAPVSQHAIPFYQNLPSTTPKVYVELDNASHFAPNSNNAAISVYTISWMKLWVDNDTRYRQFLCNVNDPALSDFRTNNRHCQ,293,sp|G9BY57|PETH_UNKP Leaf-branch compost cutinase OS=Unknown prokaryotic organism OX=2725 PE=1 SV=1,0
sp|Q6A0I4|PETH2_THEFU,MAVMTPRRERSSLLSRALQVTAAAATALVTAVSLAAPAHAANPYERGPNPTDALLEASSGPFSVSEENVSRLSASGFGGGTIYYPRENNTYGAVAISPGYTGTEASIAWLGERIASHGFVVITIDTITTLDQPDSRAEQLNAALNHMINRASSTVRSRIDSSRLAVMGHSMGGGGTLRLASQRPDLKAAIPLTPWHLNKNWSSVTVPTLIIGADLDTIAPVATHAKPFYNSLPSSISKAYLELDGATHFAPNIPNKIIGKYSVAWLKRFVDNDTRYTQFLCPGPRDGLFGEVEEYRSTCPF,301,sp|Q6A0I4|PETH2_THEFU Cutinase cut2 OS=Thermobifida fusca OX=2021 GN=cut2 PE=1 SV=1,0
sp|P19833|LIP1_MORS1,MFIMIKKSELAKAIIVTGALVFSIPTLAEVTLSETTVSSIKSEATVSSTKKALPATPSDCIADSKITAVALSDTRDNGPFSIRTKRISRQSAKGFGGGTIHYPTNASGCGLLGAIAVVPGYVSYENSIKWWGPRLASWGFVVITINTNSIYDDPDSRAAQLNAALDNMIADDTVGSMIDPKRLGAIGWSMGGGGALKLATERSTVRAIMPLAPYHDKSYGEVKTPTLVIACEDDRIAETKKYANAFYKNAIGPKMKVEVNNGSHFCPSYRFNEILLSKPGIAWMQRYINNDTRFDKFLCANENYSKSPRISAYDYKDCP,319,sp|P19833|LIP1_MORS1 Lipase 1 OS=Moraxella sp. (strain TA144) OX=77152 GN=lip1 PE=1 SV=1,0
sp|E9LVH8|PETH1_THECS,MANPYERGPNPTDALLEASSGPFSVSEENVSRLSASGFGGGTIYYPRENNTYGAVAISPGYTGTEASIAWLGERIASHGFVVITIDTITTLDQPDSRAEQLNAALNHMINRASSTVRSRIDSSRLAVMGHSMGGGGTLRLASQRPDLKAAIPLTPWHLNKNWSSVTVPTLIIGADLDTIAPVATHAKPFYNSLPSSISKAYLELDGATHFAPNIPNKIIGKYSVAWLKRFVDNDTRYTQFLCPGPRDGLFGEVEEYRSTCPF,262,sp|E9LVH8|PETH1_THECS Cutinase 1 (Fragment) OS=Thermobifida cellulosilytica OX=144786 GN=cut1 PE=1 SV=1,0
sp|A0A024SC78|CUTI1_HYPJR,MRSLAILTTLLAGHAFAYPKPAPQSVNRRDWPSINEFLSELAKVMPIGDTITAACDLISDGEDAAASLFGISETENDPCGDVTVLFARGTCDPGNVGVLVGPWFFDSLQTALGSRTLGVKGVPYPASVQDFLSGSVQNGINMANQIKSVLQSCPNTKLVLGGYSQGSMVVHNAASNLDAATMSKISAVVLFGDPYYGKPVANFDAAKTLVVCHDGDNICQGGDIILLPHLTYAEDADTAAAFVVPLVS,248,sp|A0A024SC78|CUTI1_HYPJR Cutinase OS=Hypocrea jecorina (strain ATCC 56765 / BCRC 32924 / NRRL 11460 / Rut C-30) OX=1344414 GN=M419DRAFT_76732 PE=1 SV=1,0
sp|A0A0H2V871|IROE_ECOL6,MYAREYRSTRPHKAIFFHLSCLTLICSAQVYAKPDMRPLGPNIADKGSVFYHFSATSFDSVDGTRHYRVWTAVPNTTAPASGYPILYMLDGNAVMDRLDDELLKQLSEKTPPVIVAVGYQTNLPFDLNSRAYDYTPAAESRKTDLHSGRFSRKSGGSNNFRQLLETRIAPKVEQGLNIDRQRRGLWGHSYGGLFVLDSWLSSSYFRSYYSASPSLGRGYDALLSRVTAVEPLQFCTKHLAIMEGSATQGDNRETHAVGVLSKIHTTLTILKDKGVNAVFWDFPNLGHGPMFNASFRQALLDISGENANYTAGCHELSH,318,sp|A0A0H2V871|IROE_ECOL6 Apo-salmochelin esterase OS=Escherichia coli O6:H1 (strain CFT073 / ATCC 700928 / UPEC) OX=199310 GN=iroE PE=1 SV=1,0
sp|A8PUY1|LIP1_MALGO,MLFSRFVLLAFGSVAAVSASSIYARGRGGSSTDQPVANPYNTKEISLAAGLVQQTYCDSTENGLKIGDSELLYTMGEGYARQRVNIYHSPSLGIAVAIEGTNLFSLNSDLHDAKFWQEDPNERYIQYYPKGTKLMHGFQQAYNDLMDDIFTAVKKYKKEKNEKRVTVIGHSLGAAMGLLCAMDIELRMDGGLYKTYLFGLPRLGNPTFASFVDQKIGDKFHSIINGRDWVPTVPPRALGYQHPSDYVWIYPGNSTSAKLYPGQENVHGILTVAREFNFDDHQGIYFHTQIGAVMGECPAQVGAH,304,sp|A8PUY1|LIP1_MALGO Secreted mono- and diacylglycerol lipase LIP1 OS=Malassezia globosa (strain ATCC MYA-4612 / CBS 7966) OX=425265 GN=LIP1 PE=1 SV=1,0
sp|B5BLW5|ARE_SACSO,MPLDPEVRNFLQVYYKANIIDFTKYQFQEIRQKVNELLAKAVPKDPVGETRDMKIKLEDYELPIRIYSPIKRTNNGLVMHFHGGAWILGSIETEDAISRILSNSCECTVISVDYRLAPEYKFPTAVYDCFNAIVWARDNAGELGIDKDKIATFGISAGGNLVAATSLLARDNKLKLTAQVPVVPFVYLDLASKSMNRYRKGYFLDINLPVDYGVKMYIRDEKDLYNPLFSPLIAEDLSNLPQAIVVTAEYDPLRDQGEAYAYRLMESGVPTLSFRVNGNVHAFLGSPRTSRQVTVMIGALLKDIFK,306,sp|B5BLW5|ARE_SACSO Arylesterase OS=Saccharolobus solfataricus OX=2287 GN=are PE=1 SV=1,0
sp|G2QJR6|GCE2_THET4,MVHLTSALLVAGAAFAAAAPMNHIFERQDTCSVSDNYPTVNSAKLPDPFTTASGEKVTTKDQFECRRAEINKILQQYELGEYPGPPDSVEASLSGNSITVRVTVGSKSISFSASIRKPSGAGPFPAIIGIGGASIPIPSNVATITFNNDEFGAQMGSGSRGQGKFYDLFGRDHSAGSLTAWAWGVDRLIDGLEQVGAQASGIDTKRLGVTGCSRNGKGAFITGALVDRIALTIPQESGAGGAACWRISDQQKAAGANIQTAAQIITENPWFSRNFDPHVNSITSVPQDHHLLAALIVPRGLAVFENNIDWLGPVSTTGCMAAGRLIYKAYGVPNNMGFSLVGGHNHCQFPSSQNQDLNSYINYFLLGQGSPSGVEHSDVNVNVAEWAPWGAGAPTLA,397,sp|G2QJR6|GCE2_THET4 4-O-methyl-glucuronoyl methylesterase OS=Thermothelomyces thermophilus (strain ATCC 42464 / BCRC 31852 / DSM 1799) OX=573729 GN=ge2 PE=1 SV=1,0
sp|I6XU97|EST45_MYCTU,MLSDDELTGLDEFALLAENAEQAGVNGPLPEVERVQAGAISALRWGGSAPRVIFLHGGGQNAHTWDTVIVGLGEPALAVDLPGHGHSAWREDGNYSPQLNSETLAPVLRELAPGAEFVVGMSLGGLTAIRLAAMAPDLVGELVLVDVTPSALQRHAELTAEQRGTVALMHGEREFPSFQAMLDLTIAAAPHRDVKSLRRGVFHNSRRLDNGNWVWRYDAIRTFGDFAGLWDDVDALSAPITLVRGGSSGFVTDQDTAELHRRATHFRGVHIVEKSGHSVQSDQPRALIEIVRGVLDTR,298,sp|I6XU97|EST45_MYCTU Esterase Rv0045c OS=Mycobacterium tuberculosis (strain ATCC 25618 / H37Rv) OX=83332 GN=Rv0045c PE=1 SV=1,0
sp|O07427|MGLL_MYCTU,MTTTRTERNFAGIGDVRIVYDVWTPDTAPQAVVVLAHGLGEHARRYDHVAQRLGAAGLVTYALDHRGHGRSGGKRVLVRDISEYTADFDTLVGIATREYPGCKRIVLGHSMGGGIVFAYGVERPDNYDLMVLSAPAVAAQDLVSPVVAVAAKLLGVVVPGLPVQELDFTAISRDPEVVQAYNTDPLVHHGRVPAGIGRALLQVGETMPRRAPALTAPLLVLHGTDDRLIPIEGSRRLVECVGSADVQLKEYPGLYHEVFNEPERNQVLDDVVAWLTERL,279,sp|O07427|MGLL_MYCTU Monoacylglycerol lipase OS=Mycobacterium tuberculosis (strain ATCC 25618 / H37Rv) OX=83332 GN=Rv0183 PE=1 SV=2,0
sp|O23512|MES16_ARATH,MGGEGGAEPVIHFVFVHGASHGAWCWYKLTTLLDAAGFKSTSVDLTGAGISLIDSNIVFDSDQYNRPLFSLLSDLPPHHKVILVGHSIGGGSVTEALCKFTDKISMAIYLAASMVQPGSIPSPHLSNIHVGEEDIWEYTYGEGTDKPPTGVLMKPEFIRHYYYSQSPLEDVTLSSKLLRPAPMRAFQDLDKLPPNPEAEKVPRVYIKTAKDNLFDSVRQDLLVENWPPSQLYVLEDSDHSAFFSVPTTLFAYLLRAVSFLQR,262,sp|O23512|MES16_ARATH pFDCC methylesterase MES16 OS=Arabidopsis thaliana OX=3702 GN=MES16 PE=1 SV=1,0
sp|O42807|FAEA_ASPNG,MKQFSAKYALILLATAGQALAASTQGISEDLYNRLVEMATISQAAYADLCNIPSTIIKGEKIYNAQTDINGWILRDDTSKEIITVFRGTGSDTNLQLDTNYTLTPFDTLPQCNDCEVHGGYYIGWISVQDQVESLVKQQASQYPDYALTVTGHSLGASMAALTAAQLSATYDNVRLYTFGEPRSGNQAFASYMNDAFQVSSPETTQYFRVTHSNDGIPNLPPADEGYAHGGVEYWSVDPYSAQNTFVCTGDEVQCCEAQGGQGVNDAHTTYFGMTSGACTW,281,sp|O42807|FAEA_ASPNG Feruloyl esterase A OS=Aspergillus niger OX=5061 GN=faeA PE=1 SV=1,0
sp|O53581|CULP6_MYCTU,MAKNSRRKRHRILAWIAAGAMASVVALVIVAVVIMLRGAESPPSAVPPGVLPPGPTPAHPHKPRPAFQDASCPDVQMISVPGTWESSPQQNPLNPVQFPKALLLKVTGPIAQQFAPARVQTYTVAYTAQFHNPLTTDNQMSYNDSRAEGTRAMVAAMTDMNNRCPLTSYVLIGFSQGAVIAGDVASDIGNGRGPVDEDLVLGVTLIADGRRQQGVGNQVPPSPRGEGAEITLHEVPVLSGLGLTMTGPRPGGFGALDGRTNEICAQGDLICAAPAQAFSPANLPTTLNTLAGGAGQPVHAMYATPEFWNSDGEPATEWTLNWAHQLIENAPHPKHR,336,sp|O53581|CULP6_MYCTU Carboxylesterase/lipase Culp6 OS=Mycobacterium tuberculosis (strain ATCC 25618 / H37Rv) OX=83332 GN=cut6 PE=1 SV=1,0
sp|O59893|AXE2_TALPU,MHSKFFAASLLGLGAAAIPLEGVMEKRSCPAIHVFGARETTASPGYGSSSTVVNGVLSAYPGSTAEAINYPACGGQSSCGGASYSSSVAQGIAAVASAVNSFNSQCPSTKIVLVGYSQGGEIMDVALCGGGDPNQGYTNTAVQLSSSAVNMVKAAIFMGDPMFRAGLSYEVGTCAAGGFDQRPAGFSCPSAAKIKSYCDASDPYCCNGSNAATHQGYGSEYGSQALAFVKSKLG,234,sp|O59893|AXE2_TALPU Acetylxylan esterase 2 OS=Talaromyces purpureogenus OX=1266744 GN=axe-2 PE=1 SV=1,0
sp|O87170|LIGI_SPHSK,MTNDERILSWNETPSKPRYTPPPGAIDAHCHVFGPMAQFPFSPKAKYLPRDAGPDMLFALRDHLGFARNVIVQASCHGTDNAATLDAIARAQGKARGIAVVDPAIDEAELAALHEGGMRGIRFNFLKRLVDDAPKDKFLEVAGRLPAGWHVVIYFEADILEELRPFMDAIPVPIVIDHMGRPDVRQGPDGADMKAFRRLLDSREDIWFKATCPDRLDPAGPPWDDFARSVAPLVADYADRVIWGTDWPHPNMQDAIPDDGLVVDMIPRIAPTPELQHKMLVTNPMRLYWSEEM,293,"sp|O87170|LIGI_SPHSK 2-pyrone-4,6-dicarboxylate hydrolase OS=Sphingobium sp. (strain NBRC 103272 / SYK-6) OX=627192 GN=ligI PE=1 SV=1",0
sp|P00590|CUTI1_FUSVN,MKFFALTTLLAATASALPTSNPAQELEARQLGRTTRDDLINGNSASCRDVIFIYARGSTETGNLGTLGPSIASNLESAFGKDGVWIQGVGGAYRATLGDNALPRGTSSAAIREMLGLFQQANTKCPDATLIAGGYSQGAALAAASIEDLDSAIRDKIAGTVLFGYTKNLQNRGRIPNYPADRTKVFCNTGDLVCTGSLIVAAPHLAYGPDARGPAPEFLIEKVRAVRGSA,230,sp|P00590|CUTI1_FUSVN Cutinase 1 OS=Fusarium vanettenii OX=2747968 GN=CUT1 PE=1 SV=1,0
sp|P04021|PG057_VACCW,MWPFASVPAGAKCRLVETLPENMDFRSDHLTTFECFNEIITLAKKYIYIASFCCNPLSTTRGALIFDKLKEASEKGIKIIVLLDERGKRNLGELQSHCPDINFITVNIDKKNNVGLLLGCFWVSDDERCYVGNASFTGGSIHTIKTLGVYSDYPPLATDLRRRFDTFKAFNSAKNSWLNLCSAACCLPVSTAYHIKNPIGGVFFTDSPEHLLGYSRDLDTDVVIDKLKSAKTSIDIEHLAIVPTTRVDGNSYYWPDIYNSIIEAAINRGVKIRLLVGNWDKNDVYSMATARSLDALCVQNDLSVKVFTIQNNTKLLIVDDEYVHITSANFDGTHYQNHGFVSFNSIDKQLVSEAKKIFERDWVSSHSKSLKI,372,sp|P04021|PG057_VACCW Envelope phospholipase OPG057 OS=Vaccinia virus (strain Western Reserve) OX=10254 GN=OPG057 PE=1 SV=1,0
sp|P04042|CHEB_SALTY,MSKIRVLSVDDSALMRQIMTEIINSHSDMEMVATAPDPLVARDLIKKFNPDVLTLDVEMPRMDGLDFLEKLMRLRPMPVVMVSSLTGKGSEVTLRALELGAIDFVTKPQLGIREGMLAYSEMIAEKVRTAARARIAAHKPMAAPTTLKAGPLLSSEKLIAIGASTGGTEAIRHVLQPLPLSSPAVIITQHMPPGFTRSFAERLNKLCQISVKEAEDGERVLPGHAYIAPGDKHMELARSGANYQIKIHDGPPVNRHRPSVDVLFHSVAKHAGRNAVGVILTGMGNDGAAGMLAMYQAGAWTIAQNEASCVVFGMPREAINMGGVSEVVDLSQVSQQMLAKISAGQAIRI,349,sp|P04042|CHEB_SALTY Protein-glutamate methylesterase/protein-glutamine glutaminase OS=Salmonella typhimurium (strain LT2 / SGSC1412 / ATCC 700720) OX=99287 GN=cheB PE=1 SV=1,0
sp|P0A921|PA1_ECOLI,MRTLQGWLLPVFMLPMAVYAQEATVKEVHDAPAVRGSIIANMLQEHDNPFTLYPYDTNYLIYTQTSDLNKEAIASYDWAENARKDEVKFQLSLAFPLWRGILGPNSVLGASYTQKSWWQLSNSEESSPFRETNYEPQLFLGFATDYRFAGWTLRDVEMGYNHDSNGRSDPTSRSWNRLYTRLMAENGNWLVEVKPWYVVGNTDDNPDITKYMGYYQLKIGYHLGDAVLSAKGQYNWNTGYGGAELGLSYPITKHVRLYTQVYSGYGESLIDYNFNQTRVGVGVMLNDLF,289,sp|P0A921|PA1_ECOLI Phospholipase A1 OS=Escherichia coli (strain K12) OX=83333 GN=pldA PE=1 SV=1,0
sp|P0C1A9|PMEA_DICD3,MLKTISGTLALSLIIAASVHQAQAATTYNAVVSKSSSDGKTFKTIADAIASAPAGSTPFVILIKNGVYNERLTITRNNLHLKGESRNGAVIAAATAAGTLKSDGSKWGTAGSSTITISAKDFSAQSLTIRNDFDFPANQAKSDSDSSKIKDTQAVALYVTKSGDRAYFKDVSLVGYQDTLYVSGGRSFFSDCRISGTVDFIFGDGTALFNNCDLVSRYRADVKSGNVSGYLTAPSTNINQKYGLVITNSRVIRESDSVPAKSYGLGRPWHPTTTFSDGRYADPNAIGQTVFLNTSMDNHIYGWDKMSGKDKNGNTIWFNPEDSRFFEYKSYGAGATVSKDRRQLTDAQAAEYTQSKVLGDWTPTLP,366,sp|P0C1A9|PMEA_DICD3 Pectinesterase A OS=Dickeya dadantii (strain 3937) OX=198628 GN=pemA PE=1 SV=1,0
sp|P0CJ63|AHLLA_BACTK,MTVKKLYFIPAGRCMLDHSSVNSALTPGKLLNLPVWCYLLETEEGPILVDTGMPESAVNNEGLFNGTFVEGQILPKMTEEDRIVNILKRVGYEPDDLLYIISSHLHFDHAGGNGAFTNTPIIVQRTEYEAALHREEYMKECILPHLNYKIIEGDYEVVPGVQLLYTPGHSPGHQSLFIETEQSGSVLLTIDASYTKENFEDEVPFAGFDPELALSSIKRLKEVVKKEKPIIFFGHDIEQEKSCRVFPEYI,250,sp|P0CJ63|AHLLA_BACTK N-acyl homoserine lactonase AiiA OS=Bacillus thuringiensis subsp. kurstaki OX=29339 GN=aiiA PE=1 SV=1,0
sp|P0DUB8|LIP_BURPL,MVRSMRSRVAARAVAWALAVMPLAGAAGLTMAASPAAVAADTYAATRYPVILVHGLAGTDKFANVVDYWYGIQSDLQSHGAKVYVANLSGFQSDDGPNGRGEQLLAYVKQVLAATGATKVNLIGHSQGGLTSRYVAAVAPQLVASVTTIGTPHRGSEFADFVQDVLKTDPTGLSSTVIAAFVNVFGTLVSSSHNTDQDALAALRTLTTAQTATYNRNFPSAGLGAPGSCQTGAATETVGGSQHLLYSWGGTAIQPTSTVLGVTGATDTSTGTLDVANVTDPSTLALLATGAVMINRASGQNDGLVSRCSSLFGQVISTSYHWNHLDEINQLLGVRGANAEDPVAVIRTHVNRLKLQGV,358,sp|P0DUB8|LIP_BURPL Triacylglycerol lipase OS=Burkholderia plantarii OX=41899 GN=lip PE=1 SV=1,0
sp|P0DUB9|LIP_PSEPS,ADTYAATRYPVILVHGLAGTDKFANVVDYWYGIQSDLQSHGAKVYVANLSGFQSDDGPNGRGEQLLAYVKQVLAATGATKVNLIGHSQGGLTSRYVAAVAPQLVASVTTIGTPHRGSEFADFVQDVLKTDPTGLSSTVIAAFVNVFGTLVSSSHNTDQDALAALRTLTTAQTATYNRNFPSAGLGAPGSCQTGAATETVGGSQHLLYSWGGTAIQPTSTVLGVTGATDTSTGTLDVANVTDPSTLALLATGAVMINRASGQNDGLVSRCSSLFGQVISTSYHWNHLDEINQLLGVRGANAEDPVAVIRTHVNRLKLQGV,319,sp|P0DUB9|LIP_PSEPS Triacylglycerol lipase OS=Pseudarthrobacter phenanthrenivorans OX=361575 GN=lip PE=1 SV=1,0
sp|P11373|CUTI1_COLGL,MKFLSVLSLAITLAAAAPVEVETGVALETRQSSTRNELETGSSSACPKVIYIFARASTEPGNMGISAGPIVADALERIYGANNVWVQGVGGPYLADLASNFLPDGTSSAAINEARRLFTLANTKCPNAAIVSGGYSQGTAVMAGSISGLSTTIKNQIKGVVLFGYTKNLQNLGRIPNFETSKTEVYCDIADAVCYGTLFILPAHFLYQTDAAVAAPRFLQARIG,224,sp|P11373|CUTI1_COLGL Cutinase 1 OS=Colletotrichum gloeosporioides OX=474922 GN=CUTA PE=1 SV=1,0
sp|P13001|BIOH_ECOLI,MNNIWWQTKGQGNVHLVLLHGWGLNAEVWRCIDEELSSHFTLHLVDLPGFGRSRGFGALSLADMAEAVLQQAPDKAIWLGWSLGGLVASQIALTHPERVQALVTVASSPCFSARDEWPGIKPDVLAGFQQQLSDDFQRTVERFLALQTMGTETARQDARALKKTVLALPMPEVDVLNGGLEILKTVDLRQPLQNVSMPFLRLYGYLDGLVPRKVVPMLDKLWPHSESYIFAKAAHAPFISHPAEFCHLLVALKQRV,256,sp|P13001|BIOH_ECOLI Pimeloyl-[acyl-carrier protein] methyl ester esterase OS=Escherichia coli (strain K12) OX=83333 GN=bioH PE=1 SV=1,0
sp|P22088|LIP_BURCE,MARTMRSRVVAGAVACAMSIAPFAGTTAVMTLATTHAAMAATAPAAGYAATRYPIILVHGLSGTDKYAGVLEYWYGIQEDLQQNGATVYVANLSGFQSDDGPNGRGEQLLAYVKTVLAATGATKVNLVGHSQGGLSSRYVAAVAPDLVASVTTIGTPHRGSEFADFVQDVLAYDPTGLSSSVIAAFVNVFGILTSSSHNTNQDALAALQTLTTARAATYNQNYPSAGLGAPGSCQTGAPTETVGGNTHLLYSWAGTAIQPTLSVFGVTGATDTSTLPLVDPANVLDLSTLALFGTGTVMINRGSGQNDGLVSKCSALYGKVLSTSYKWNHLDEINQLLGVRGAYAEDPVAVIRTHANRLKLAGV,364,sp|P22088|LIP_BURCE Triacylglycerol lipase OS=Burkholderia cepacia OX=292 GN=lip PE=1 SV=2,0
sp|P22862|ESTE_PSEFL,MSTFVAKDGTQIYFKDWGSGKPVLFSHGWLLDADMWEYQMEYLSSRGYRTIAFDRRGFGRSDQPWTGNDYDTFADDIAQLIEHLDLKEVTLVGFSMGGGDVARYIARHGSARVAGLVLLGAVTPLFGQKPDYPQGVPLDVFARFKTELLKDRAQFISDFNAPFYGINKGQVVSQGVQTQTLQIALLASLKATVDCVTAFAETDFRPDMAKIDVPTLVIHGDGDQIVPFETTGKVAAELIKGAELKVYKDAPHGFAVTHAQQLNEDLLAFLKR,272,sp|P22862|ESTE_PSEFL Arylesterase OS=Pseudomonas fluorescens OX=294 GN=estF PE=1 SV=4,0
sp|P23872|AES_ECOLI,MKPENKLPVLDLISAEMKTVVNTLQPDLPPWPATGTIAEQRQYYTLERRFWNAGAPEMATRAYMVPTKYGQVETRLFCPQPDSPATLFYLHGGGFILGNLDTHDRIMRLLASYSQCTVIGIDYTLSPEARFPQAIEEIVAACCYFHQQAEDYQINMSRIGFAGDSAGAMLALASALWLRDKQIDCGKVAGVLLWYGLYGLRDSVTRRLLGGVWDGLTQQDLQMYEEAYLSNDADRESPYYCLFNNDLTREVPPCFIAGAEFDPLLDDSRLLYQTLAAHQQPCEFKLYPGTLHAFLHYSRMMKTADEALRDGAQFFTAQL,319,sp|P23872|AES_ECOLI Acetyl esterase OS=Escherichia coli (strain K12) OX=83333 GN=aes PE=1 SV=3,0
sp|P26876|LIP_PSEAE,MKKKSLLPLGLAIGLASLAASPLIQASTYTQTKYPIVLAHGMLGFDNILGVDYWFGIPSALRRDGAQVYVTEVSQLDTSEVRGEQLLQQVEEIVALSGQPKVNLIGHSHGGPTIRYVAAVRPDLIASATSVGAPHKGSDTADFLRQIPPGSAGEAVLSGLVNSLGALISFLSSGSTGTQNSLGSLESLNSEGAARFNAKYPQGIPTSACGEGAYKVNGVSYYSWSGSSPLTNFLDPSDAFLGASSLTFKNGTANDGLVGTCSSHLGMVIRDNYRMNHLDEVNQVFGLTSLFETSPVSVYRQHANRLKNASL,311,sp|P26876|LIP_PSEAE Triacylglycerol lipase OS=Pseudomonas aeruginosa (strain ATCC 15692 / DSM 22644 / CIP 104116 / JCM 14847 / LMG 12228 / 1C / PRS 101 / PAO1) OX=208964 GN=lip PE=1 SV=2,0
sp|P28321|MGLL_YEAST,MAPYPYKVQTTVPELQYENFDGAKFGYMFWPVQNGTNEVRGRVLLIHGFGEYTKIQFRLMDHLSLNGYESFTFDQRGAGVTSPGRSKGVTDEYHVFNDLEHFVEKNLSECKAKGIPLFMWGHSMGGGICLNYACQGKHKNEISGYIGSGPLIILHPHTMYNKPTQIIAPLLAKFLPRVRIDTGLDLKGITSDKAYRAFLGSDPMSVPLYGSFRQIHDFMQRGAKLYKNENNYIQKNFAKDKPVIIMHGQDDTINDPKGSEKFIQDCPSADKELKLYPGARHSIFSLETDKVFNTVFNDMKQWLDKHTTTEAKP,313,sp|P28321|MGLL_YEAST Monoglyceride lipase OS=Saccharomyces cerevisiae (strain ATCC 204508 / S288c) OX=559292 GN=YJU3 PE=1 SV=2,0
sp|P37957|ESTA_BACSU,MKFVKRRIIALVTILMLSVTSLFALQPSAKAAEHNPVVMVHGIGGASFNFAGIKSYLVSQGWSRDKLYAVDFWDKTGTNYNNGPVLSRFVQKVLDETGAKKVDIVAHSMGGANTLYYIKNLDGGNKVANVVTLGGANRLTTGKALPGTDPNQKILYTSIYSSADMIVMNYLSRLDGARNVQIHGVGHIGLLYSSQVNSLIKEGLNGGGQNTN,212,sp|P37957|ESTA_BACSU Lipase EstA OS=Bacillus subtilis (strain 168) OX=224308 GN=estA PE=1 SV=2,0
sp|P52956|CUTI1_ASPOR,MHLRNIVIALAATAVASPVDLQDRQLTGGDELRDGPCKPITFIFARASTEPGLLGISTGPAVCNRLKLARSGDVACQGVGPRYTADLPSNALPEGTSQAAIAEAQGLFEQAVSKCPDTQIVAGGYSQGTAVMNGAIKRLSADVQDKIKGVVLFGYTRNAQERGQIANFPKDKVKVYCAVGDLVCLGTLIVAPPHFSYLSDTGDASDFLLSQLG,213,sp|P52956|CUTI1_ASPOR Cutinase 1 OS=Aspergillus oryzae (strain ATCC 42149 / RIB 40) OX=510516 GN=cutL1 PE=1 SV=1,0
sp|P61869|MDLA_PENCY,MRLSFFTALSAVASLGYALPGKLQSRDVSTSELDQFEFWVQYAAASYYEADYTAQVGDKLSCSKGNCPEVEATGATVSYDFSDSTITDTAGYIAVDHTNSAVVLAFRGSYSVRNWVADATFVHTNPGLCDGCLAELGFWSSWKLVRDDIIKELKEVVAQNPNYELVVVGHSLGAAVATLAATDLRGKGYPSAKLYAYASPRVGNAALAKYITAQGNNFRFTHTNDPVPKLPLLSMGYVHVSPEYWITSPNNATVSTSDIKVIDGDVSFDGNTGTGLPLLTDFEAHIWYFVQVDAGKGPGLPFKRV,305,sp|P61869|MDLA_PENCY Secreted mono- and diacylglycerol lipase A OS=Penicillium cyclopium OX=60167 GN=mdlA PE=1 SV=1,0
sp|P61871|LIP_RHINI,MVSFISISQGVSLCLLVSSMMLGSSAVPVSGKSGSSNTAVSASDNAALPPLISSRCAPPSNKGSKSDLQAEPYNMQKNTEWYESHGGNLTSIGKRDDNLVGGMTLDLPSDAPPISLSSSTNSASDGGKVVAATTAQIQEFTKYAGIAATAYCRSVVPGNKWDCVQCQKWVPDGKIITTFTSLLSDTNGYVLRSDKQKTIYLVFRGTNSFRSAITDIVFNFSDYKPVKGAKVHAGFLSSYEQVVNDYFPVVQEQLTAHPTYKVIVTGHSLGGAQALLAGMDLYQREPRLSPKNLSIFTVGGPRVGNPTFAYYVESTGIPFQRTVHKRDIVPHVPPQSFGFLHPGVESWIKSGTSNVQICTSEIETKDCSNSIVPFTSILDHLSYFDINEGSCL,392,sp|P61871|LIP_RHINI Lipase OS=Rhizopus niveus OX=4844 PE=1 SV=1,0
sp|P80035|LIPF_CANLF,MWLLLTAASVISTLGTTHGLFGKLHPTNPEVTMNISQMITYWGYPAEEYEVVTEDGYILGIDRIPYGRKNSENIGRRPVAFLQHGLLASATNWISNLPNNSLAFILADAGYDVWLGNSRGNTWARRNLYYSPDSVEFWAFSFDEMAKYDLPATIDFILKKTGQDKLHYVGHSQGTTIGFIAFSTNPKLAKRIKTFYALAPVATVKYTETLLNKLMLVPSFLFKLIFGNKIFYPHHFFDQFLATEVCSRETVDLLCSNALFIICGFDTMNLNMSRLDVYLSHNPAGTSVQNVLHWSQAVKSGKFQAFDWGSPVQNMMHYHQSMPPYYNLTDMHVPIAVWNGGNDLLADPHDVDLLLSKLPNLIYHRKIPPYNHLDFIWAMDAPQAVYNEIVSMMGTDNK,398,sp|P80035|LIPF_CANLF Gastric triacylglycerol lipase OS=Canis lupus familiaris OX=9615 GN=LIPF PE=1 SV=2,0
sp|P82597|MGLP_BAC25,MSEQYPVLSGAEPFYAENGPVGVLLVHGFTGTPHSMRPLAEAYAKAGYTVCLPRLKGHGTHYEDMERTTFHDWVASVEEGYGWLKQRCQTIFVTGLSMGGTLTLYLAEHHPDICGIVPINAAVDIPAIAAGMTGGGELPRYLDSIGSDLKNPDVKELAYEKTPTASLLQLARLMAQTKAKLDRIVCPALIFVSDEDHVVPPGNADIIFQGISSTEKEIVRLRNSYHVATLDYDQPMIIERSLEFFAKHAG,250,sp|P82597|MGLP_BAC25 Thermostable monoacylglycerol lipase OS=Bacillus sp. (strain H-257) OX=129908 PE=1 SV=3,0
sp|P94388|CAH_BACSU,MQLFDLPLDQLQTYKPEKTAPKDFSEFWKLSLEELAKVQAEPDLQPVDYPADGVKVYRLTYKSFGNARITGWYAVPDKEGPHPAIVKYHGYNASYDGEIHEMVNWALHGYATFGMLVRGQQSSEDTSISPHGHALGWMTKGILDKDTYYYRGVYLDAVRALEVISSFDEVDETRIGVTGGSQGGGLTIAAAALSDIPKAAVADYPYLSNFERAIDVALEQPYLEINSFFRRNGSPETEVQAMKTLSYFDIMNLADRVKVPVLMSIGLIDKVTPPSTVFAAYNHLETKKELKVYRYFGHEYIPAFQTEKLAFFKQHLKG,318,sp|P94388|CAH_BACSU Cephalosporin-C deacetylase OS=Bacillus subtilis (strain 168) OX=224308 GN=cah PE=1 SV=1,0
sp|Q09LX1|AXE2_GEOSE,MKIGSGEKLLFIGDSITDCGRARPEGEGSFGALGTGYVAYVVGLLQAVYPELGIRVVNKGISGNTVRDLKARWEEDVIAQKPDWVSIMIGINDVWRQYDLPFMKEKHVYLDEYEATLRSLVLETKPLVKGIILMTPFYIEGNEQDPMRRTMDQYGRVVKQIAEETNSLFVDTQAAFNEVLKTLYPAALAWDRVHPSVAGHMILARAFLREIGFEWVRSR,219,sp|Q09LX1|AXE2_GEOSE Acetylxylan esterase OS=Geobacillus stearothermophilus OX=1422 GN=axe2 PE=1 SV=1,0
sp|Q6RYA0|SABP2_TOBAC,MKEGKHFVLVHGACHGGWSWYKLKPLLEAAGHKVTALDLAASGTDLRKIEELRTLYDYTLPLMELMESLSADEKVILVGHSLGGMNLGLAMEKYPQKIYAAVFLAAFMPDSVHNSSFVLEQYNERTPAENWLDTQFLPYGSPEEPLTSMFFGPKFLAHKLYQLCSPEDLALASSLVRPSSLFMEDLSKAKYFTDERFGSVKRVYIVCTEDKGIPEEFQRWQIDNIGVTEAIEIKGADHMAMLCEPQKLCASLLEIAHKYN,260,sp|Q6RYA0|SABP2_TOBAC Salicylic acid-binding protein 2 OS=Nicotiana tabacum OX=4097 GN=SABP2 PE=1 SV=1,0
sp|Q84WK4|SOBR1_ARATH,MARTFILWLHGLGDSGPANEPIQTQFKSSELSNASWLFPSAPFNPVTCNNGAVMRSWFDVPELPFKVGSPIDESSVLEAVKNVHAIIDQEIAEGTNPENVFICGLSQGGALTLASVLLYPKTLGGGAVLSGWVPFTSSIISQFPEEAKKTPILWSHGTDDRMVLFEAGQAALPFLKEAGVTCEFKAYPGLGHSISNKELKYIESWIKRRLKGSSSTCLQLNCLKEMFH,228,sp|Q84WK4|SOBR1_ARATH Carboxylesterase SOBER1 OS=Arabidopsis thaliana OX=3702 GN=SOBER1 PE=1 SV=1,0
sp|Q8NKB0|ZHD_BIOOC,MRTRSTISTPNGITWYYEQEGTGPDVVLVPDGLGECQMFDSSVSQIAAQGFRVTTFDMPGMSRSAKAPPETYTEVTAQKLASYVISVLDALDIKHATVWGCSSGASTVVALLLGYPDRIRNAMCHELPTKLLDHLSNTAVLEDEEISKILANVMLNDVSGGSEAWQAMGDEVHARLHKNYPVWARGYPRTIPPSAPVKDLEALRGKPLDWTVGAATPTESFFDNIVTATKAGVNIGLLPGMHFPYVSHPDVFAKYVVETTQKHL,264,sp|Q8NKB0|ZHD_BIOOC Zearalenone hydrolase OS=Bionectria ochroleuca OX=29856 GN=zhd101 PE=1 SV=1,0
sp|Q93MW7|LIP_STRRM,MRLSRRAATASALLLTPALALFGASAAVSAPRIQATDYVALGDSYSSGVGAGSYDSSSGSCKRSTKSYPALWAASHTGTRFNFTACSGARTGDVLAKQLTPVNSGTDLVSITIGGNDAGFADTMTTCNLQGESACLARIAKARAYIQQTLPAQLDQVYDAIDSRAPAAQVVVLGYPRFYKLGGSCAVGLSEKSRAAINAAADDINAVTAKRAADHGFAFGDVNTTFAGHELCSGAPWLHSVTLPVENSYHPTANGQSKGYLPVLNSAT,268,sp|Q93MW7|LIP_STRRM Lipase OS=Streptomyces rimosus OX=1927 PE=1 SV=1,0
sp|Q988B9|PDLA_RHILO,MSDTKVYLLDGGSLVLDGYHVFWNRGPGGEVRFPVYSILIEHAEGRFLIDTGYDYDHVMKVLPFEKPIQEKHQTIPGALGLLGLEPRDIDVVVNSHFHFDHCGGNKYFPHAKKICHRSEVPQACNPQPFEHLGYSDLSFSAEAAEARGATAQLLEGTTRANSTFEGIDGDVDLARGVKLISTPGHSIGHYSLLVEFPRRKPILFTIDAAYTQKSLETLCQAAFHIDPVAGVNSMRKVKKLAEDHGAELMYSHDMDNFKTYRTGTQFYG,268,sp|Q988B9|PDLA_RHILO 4-pyridoxolactonase OS=Mesorhizobium japonicum (strain LMG 29417 / CECT 9101 / MAFF 303099) OX=266835 GN=mlr6805 PE=1 SV=1,0
sp|Q99034|AXE1_HYPJE,MPSVKETLTLLLSQAFLATGSPVDGETVVKRQCPAIHVFGARETTVSQGYGSSATVVNLVIQAHPGTTSEAIVYPACGGQASCGGISYANSVVNGTNAAAAAINNFHNSCPDTQLVLVGYSQGAQIFDNALCGGGDPGEGITNTAVPLTAGAVSAVKAAIFMGDPRNIHGLPYNVGTCTTQGFDARPAGFVCPSASKIKSYCDAADPYCCTGNDPNVHQGYGQEYGQQALAFINSQLSSGGSQPPGGGPTSTSRPTSTRTGSSPGPTQTHWGQCGGQGWTGPTQCESGTTCQVISQWYSQCL,302,sp|Q99034|AXE1_HYPJE Acetylxylan esterase OS=Hypocrea jecorina OX=51453 GN=axe1 PE=1 SV=1,0
sp|Q99QV3|DRP35_STAAM,MMSQQDLPTLFYSGKSNSAVPIISESELQTITAEPWLEISKKGLQLEGLNFDRQGQLFLLDVFEGNIFKINPETKEIKRPFVSHKANPAAIKIHKDGRLFVCYLGDFKSTGGIFAATENGDNLQDIIEDLSTAYCIDDMVFDSKGGFYFTDFRGYSTNPLGGVYYVSPDFRTVTPIIQNISVANGIALSTDEKVLWVTETTANRLHRIALEDDGVTIQPFGATIPYYFTGHEGPDSCCIDSDDNLYVAMYGQGRVLVFNKRGYPIGQILIPGRDEGHMLRSTHPQFIPGTNQLIICSNDIEMGGGSMLYTVNGFAKGHQSFQFQ,324,sp|Q99QV3|DRP35_STAAM Lactonase drp35 OS=Staphylococcus aureus (strain Mu50 / ATCC 700699) OX=158878 GN=drp35 PE=1 SV=1,0
sp|Q9FG13|CXE15_ARATH,MGSLGEEPQVAEDCMGLLQLLSNGTVLRSESIDLITQQIPFKNNQTVLFKDSIYHKPNNLHLRLYKPISASNRTALPVVVFFHGGGFCFGSRSWPHFHNFCLTLASSLNALVVSPDYRLAPEHRLPAAFEDAEAVLTWLWDQAVSDGVNHWFEDGTDVDFDRVFVVGDSSGGNIAHQLAVRFGSGSIELTPVRVRGYVLMGPFFGGEERTNSENGPSEALLSLDLLDKFWRLSLPNGATRDHHMANPFGPTSPTLESISLEPMLVIVGGSELLRDRAKEYAYKLKKMGGKRVDYIEFENKEHGFYSNYPSSEAAEQVLRIIGDFMNNLS,329,sp|Q9FG13|CXE15_ARATH Strigolactones hydrolase CXE15 OS=Arabidopsis thaliana OX=3702 GN=CXE15 PE=1 SV=1,0
sp|Q9I0F2|PFEE_PSEAE,MRTSLLVAALGLALAAALPGGAPLAQPDPEATMDRSLLQRQDLPYRFSAVDLDSVDGQRHYRLWLGRPLQAPPAAGYPVVWMLDGNAAVGALDESTLRRLADGDAPLLVAIGYRTPLRIDRAGRTFDYTPASPGQADQRDPLNGLPSGGADAFLDLLRDGMRPAVAAQAPLDTARQTLWGHSYGGLLVLHALFTRPGEFARYAAASPSLWWRDGAILGERAGLEQRLRGKRAELLLWRGSAEPASPRGSLKAEPGQAMARLVDDLRRVAGLTLDFQPLDGLGHGETLGASLRLLLARPAVERQR,304,sp|Q9I0F2|PFEE_PSEAE Iron(III) enterobactin esterase OS=Pseudomonas aeruginosa (strain ATCC 15692 / DSM 22644 / CIP 104116 / JCM 14847 / LMG 12228 / 1C / PRS 101 / PAO1) OX=208964 GN=pfeE PE=1 SV=1,0
sp|Q9SE93|PNAE_RAUSE,MHSAANAKQQKHFVLVHGGCLGAWIWYKLKPLLESAGHKVTAVDLSAAGINPRRLDEIHTFRDYSEPLMEVMASIPPDEKVVLLGHSFGGMSLGLAMETYPEKISVAVFMSAMMPDPNHSLTYPFEKYNEKCPADMMLDSQFSTYGNPENPGMSMILGPQFMALKMFQNCSVEDLELAKMLTRPGSLFFQDLAKAKKFSTERYGSVKRAYIFCNEDKSFPVEFQKWFVESVGADKVKEIKEADHMGMLSQPREVCKCLLDISDS,264,sp|Q9SE93|PNAE_RAUSE Polyneuridine aldehyde esterase OS=Rauvolfia serpentina OX=4060 GN=PNAE PE=1 SV=1,0
sp|Q9WXT2|CAH_THEMA,MAFFDLPLEELKKYRPERYEEKDFDEFWEETLAESEKFPLDPVFERMESHLKTVEAYDVTFSGYRGQRIKGWLLVPKLEEEKLPCVVQYIGYNGGRGFPHDWLFWPSMGYICFVMDTRGQGSGWLKGDTPDYPEGPVDPQYPGFMTRGILDPRTYYYRRVFTDAVRAVEAAASFPQVDQERIVIAGGSQGGGIALAVSALSKKAKALLCDVPFLCHFRRAVQLVDTHPYAEITNFLKTHRDKEEIVFRTLSYFDGVNFAARAKIPALFSVGLMDNICPPSTVFAAYNYYAGPKEIRIYPYNNHEGGGSFQAVEQVKFLKKLFEKG,325,sp|Q9WXT2|CAH_THEMA Cephalosporin-C deacetylase OS=Thermotoga maritima (strain ATCC 43589 / DSM 3109 / JCM 10099 / NBRC 100826 / MSB8) OX=243274 GN=axeA PE=1 SV=1,0
